TALEEM360.ONLINE — LONGTAIL KEYWORD MASTER LIST  |  Pakistan Market + Global EdTech,,,,,,,,
"Source: SERP intelligence, competitor analysis, intent mapping — July 2026  |  All volumes are Pakistan (PK) estimates",,,,,,,,
#,Keyword,Est. Monthly Vol (PK),KD (0-100),Intent,Target Page / Route,Priority,SERP Feature,Notes
1,school management software pakistan,1200,28,Commercial,/,P1 — Homepage,Featured snippet opportunity,Highest-volume head term; competitors dominate
2,school erp pakistan,880,22,Commercial,/,P1 — Homepage,Snippet,Core product term; low KD window
3,best school management software in pakistan,720,30,Commercial,/blog or /,P1 — Homepage,Snippet + AI Overview,Listicle intent — write comparison post
4,school management system pakistan,650,26,Commercial,/,P1 — Homepage,Snippet,Variation of core term
5,cloud based school management software pakistan,210,18,Commercial,/,P1 — Homepage,None,Cloud angle; low KD
6,online school management system pakistan,190,20,Commercial,/,P1 — Homepage,None,Online/SaaS framing
7,school erp software,480,24,Commercial,/,P1 — Homepage,Snippet,Global + PK hybrid
8,school management software free download pakistan,310,15,Transactional,/pricing,P2 — Pricing,None,High volume; address with freemium CTA
9,school software pakistan,540,20,Commercial,/,P1 — Homepage,None,Shortened variant
10,best school erp system in pakistan,180,19,Commercial,/,P1 — Homepage,None,Long variant; easy win
11,school management app pakistan,240,17,Commercial,/,P1 — Homepage,None,Mobile-first searchers
12,k12 school erp pakistan,90,12,Commercial,/,P1 — Homepage,None,Niche but precise — own it
13,school fee management software pakistan,430,18,Commercial,/pricing,P1 — Pricing,Snippet,Active buyer intent; direct landing page
14,fee management system for schools,290,16,Commercial,/pricing,P1 — Pricing,None,Generic; add Pakistan variant
15,online fee collection school pakistan,210,14,Commercial,/pricing,P2 — Pricing,None,JazzCash/EasyPaisa angle
16,school fee challan software pakistan,180,10,Commercial,/pricing,P2 — Pricing,None,Very local term; low competition
17,jazzcash school fee payment integration,110,9,Commercial,/pricing,P2 — Pricing,None,Feature-specific; no competition
18,easypaisa school fee collection software,90,8,Commercial,/pricing,P2 — Pricing,None,Feature-specific; no competition
19,school fee reminder whatsapp pakistan,140,7,Commercial,/pricing,P1 — Pricing,None,WhatsApp feature gap vs competitors
20,automated fee invoicing school software,75,11,Informational,/blog,P2 — Blog,None,Blog article trigger
21,how to reduce school fee defaults pakistan,55,6,Informational,/blog,P2 — Blog,Question box,FAQ/blog post; zero competition
22,student attendance management system pakistan,320,19,Commercial,/,P1 — Homepage,Snippet,Core feature keyword
23,biometric attendance school software pakistan,280,16,Commercial,/,P1 — Homepage,None,Hardware integration angle
24,online attendance system for schools,210,18,Commercial,/,P2 — Homepage,None,Cloud version
25,automated attendance school pakistan,130,12,Commercial,/,P2 — Homepage,None,Low KD variant
26,parent sms alert attendance school pakistan,95,8,Commercial,/,P2 — Homepage,None,WhatsApp/SMS feature angle
27,how to track student attendance digitally,110,9,Informational,/blog,P2 — Blog,Featured snippet,Blog post opportunity
28,free school lms pakistan,390,14,Commercial,/free-resources,P1 — Free Resources,Snippet,Dual-mission positioning — own this
29,free educational resources for schools pakistan,260,11,Informational,/free-resources,P1 — Free Resources,None,Zero competition; exact match to your mission
30,free syllabus guide for students pakistan,190,8,Informational,/free-resources,P1 — Free Resources,Featured snippet,Downloadable resource magnet
31,free worksheets for k12 students pakistan,170,7,Informational,/free-resources,P1 — Free Resources,None,Top-of-funnel traffic engine
32,free notes for underprivileged students pakistan,80,5,Informational,/free-resources,P1 — Free Resources,None,Mission-aligned; no competition
33,lms for schools pakistan,310,20,Commercial,/,P1 — Homepage,None,Product keyword; tie to ERP offering
34,learning management system school pakistan,220,18,Commercial,/,P1 — Homepage,None,Full-term LMS variant
35,cloud lms pakistan schools,110,13,Commercial,/,P2 — Homepage,None,Cloud positioning
36,free curriculum resources pakistan schools,95,7,Informational,/free-resources,P1 — Free Resources,None,Global Support Pilot content
37,school management software karachi,290,14,Commercial,/karachi,P1 — Geo Page,Local pack,Karachi = largest city; highest ROI geo
38,school erp lahore,240,13,Commercial,/lahore,P1 — Geo Page,Local pack,Second city; active market
39,school management system islamabad,200,12,Commercial,/islamabad,P1 — Geo Page,Local pack,Capital; premium schools
40,school software rawalpindi,130,10,Commercial,/islamabad,P2 — Geo Page,Local pack,Bundle with Islamabad page
41,school erp peshawar,95,8,Commercial,/peshawar,P2 — Geo Page,None,Underserved market
42,school management software faisalabad,110,9,Commercial,/faisalabad,P2 — Geo Page,None,Industrial city; growing schools
43,best school software multan,85,8,Commercial,/multan,P2 — Geo Page,None,South Punjab market
44,school erp quetta,55,6,Commercial,/quetta,P3 — Geo Page,None,Balochistan first-mover
45,skills academy management software,210,16,Commercial,/skills-academy,P1 — Skills Academy,None,Exact match to your /skills-academy route
46,it institute management software pakistan,180,14,Commercial,/skills-academy,P1 — Skills Academy,None,Vocational/IT institute angle
47,vocational training management system,140,12,Commercial,/skills-academy,P1 — Skills Academy,None,White-label LMS tie-in
48,coaching academy software pakistan,230,15,Commercial,/skills-academy,P1 — Skills Academy,None,Tutor/academy segment
49,tutor booking system pakistan,160,10,Transactional,/skills-academy,P1 — Skills Academy,None,Your tutor micro-tenant feature
50,online tutor management software,120,11,Commercial,/skills-academy,P2 — Skills Academy,None,Broader tutor market
51,white label lms pakistan,85,9,Commercial,/skills-academy,P1 — Skills Academy,None,Your white-label product angle
52,daycare management software pakistan,140,9,Commercial,/daycare,P1 — Daycare,None,Your /daycare route; near zero competition
53,nursery school management system pakistan,110,8,Commercial,/daycare,P1 — Daycare,None,Exact segment you're targeting
54,childcare management system pakistan,75,7,Commercial,/daycare,P1 — Daycare,None,Low KD; no incumbents
55,kindergarten erp software pakistan,55,5,Commercial,/daycare,P1 — Daycare,None,Extreme longtail; easy rank
56,daycare attendance tracking software,90,8,Commercial,/daycare,P2 — Daycare,None,Feature-specific angle
57,preschool fee management pakistan,65,6,Commercial,/daycare,P2 — Daycare,None,Fee feature for daycare
58,madrasa management software pakistan,190,7,Commercial,/madrasa,P1 — New Page,None,ZERO competition; your mission fits perfectly
59,islamic school management system,220,10,Commercial,/madrasa,P1 — New Page,None,Global Muslim market; no incumbents
60,madrasa erp system,110,6,Commercial,/madrasa,P1 — New Page,None,Exact product fit; own this niche
61,darul uloom management software,55,4,Commercial,/madrasa,P1 — New Page,None,Ultra-specific; instant rank
62,hifz school management system,45,4,Informational,/madrasa,P1 — New Page,None,Quran school niche
63,islamic education management software,130,9,Commercial,/madrasa,P1 — New Page,None,"Global angle — Nigeria, Bangladesh, UAE"
64,how to digitize school fee collection pakistan,90,6,Informational,/blog,P1 — Blog,Featured snippet,Tutorial article — ranks fast
65,benefits of school erp system,160,12,Informational,/blog,P1 — Blog,Featured snippet,Classic SEO post; listicle format
66,school erp vs spreadsheets,75,8,Informational,/blog,P1 — Blog,None,Comparison post; bottom-funnel buyers
67,how to reduce school admin workload,110,9,Informational,/blog,P2 — Blog,Featured snippet,Pain-point article
68,school management software price pakistan,340,15,Commercial,/pricing,P1 — Pricing,Snippet,Buyers want pricing upfront — critical page
69,school software price per month pakistan,190,12,Commercial,/pricing,P1 — Pricing,None,PKR pricing searchers
70,free school management software pakistan,410,13,Commercial,/pricing,P1 — Pricing,None,Free tier / freemium intent
71,how to manage school library digitally,85,7,Informational,/blog,P2 — Blog,Featured snippet,Library module feature blog
72,school payroll software pakistan,130,11,Commercial,/,P2 — Homepage,None,Payroll module; feature keyword
73,parent communication app for schools pakistan,110,8,Commercial,/,P2 — Homepage,None,Parent portal feature angle
74,school report card software pakistan,150,10,Commercial,/,P2 — Homepage,None,Report card module keyword
75,exam management system schools pakistan,175,14,Commercial,/,P1 — Homepage,None,Exam module; high volume
76,student information system pakistan,240,18,Commercial,/,P1 — Homepage,None,SIS angle for enterprise buyers